Name,Folder,URL
Kaliel's Tracker,!KalielsTracker,kaliels-tracker
Angry Keystones,AngryKeystones,angry-keystones
BattleGroundEnemies,BattleGroundEnemies,battlegroundenemies
BigWigs Bossmods,BigWigs,big-wigs
BigWigs_BattleForAzeroth,BigWigs_BattleForAzeroth,bigwigs_battleforazeroth
BigWigs_BurningCrusade,BigWigs_BurningCrusade,bigwigs_burningcrusade
BigWigs Bossmods,BigWigs_CastleNathria,big-wigs
BigWigs_Cataclysm,BigWigs_Cataclysm,bigwigs_cataclysm
BigWigs_Classic,BigWigs_Classic,bigwigs_classic
BigWigs Bossmods,BigWigs_Core,big-wigs
BigWigs_Legion,BigWigs_Legion,bigwigs_legion
BigWigs_MistsOfPandaria,BigWigs_MistsOfPandaria,bigwigs_mistsofpandaria
BigWigs Bossmods,BigWigs_Options,big-wigs
BigWigs Bossmods,BigWigs_Plugins,big-wigs
BigWigs Bossmods,BigWigs_SanctumOfDomination,big-wigs
BigWigs Bossmods,BigWigs_SepulcherOfTheFirstOnes,big-wigs
BigWigs Bossmods,BigWigs_Shadowlands,big-wigs
BigWigs_Voice,BigWigs_Voice,bigwigs_voice
BigWigs_WarlordsOfDraenor,BigWigs_WarlordsOfDraenor,bigwigs_warlordsofdraenor
BigWigs_WrathOfTheLichKing,BigWigs_WrathOfTheLichKing,bigwigs_wrathofthelichking
BtWQuests,BtWQuests,btw-quests
BtWQuestsBattleForAzeroth,BtWQuestsBattleForAzeroth,btw-quests-battle-for-azeroth
BtWQuestsLegion,BtWQuestsLegion,btw-quests-legion
BtWQuestsShadowlands,BtWQuestsShadowlands,btw-quests-shadowlands
Can I Mog It?,CanIMogIt,can-i-mog-it
Capping Battleground Timers,Capping,capping-bg-timers
Capping Battleground Timers,Capping_Options,capping-bg-timers
Clique,Clique,clique
Court of Stars helper,CoS helper,court-of-stars-helper
Details,Details,details
Details,Details_DataStorage,details
Details,Details_EncounterDetails,details
Details,Details_RaidCheck,details
Details,Details_Streamer,details
Details,Details_TinyThreat,details
Details,Details_Vanguard,details
ElvUI Enhanced Again (Shadowlands),ElvUI_Enhanced,elvui-enhanced-again
Method Raid Tools,ExRT,method-raid-tools
Grid2,Grid2,grid2
Grid2,Grid2LDB,grid2
Grid2,Grid2Options,grid2
Grid2,Grid2RaidDebuffs,grid2
Grid2,Grid2RaidDebuffsOptions,grid2
HandyNotes,HandyNotes,handynotes
HandyNotes - Argus,HandyNotes_Argus,handynotes-argus
HandyNotes: Battle For Azeroth Treasures,HandyNotes_BattleForAzerothTreasures,handynotes-battle-for-azeroth-treasures
HandyNotes - Broken Shore,HandyNotes_BrokenShore,handynotes-broken-shore
HandyNotes: Draenor,HandyNotes_Draenor,handynotes-draenor
HandyNotes_DungeonLocations,HandyNotes_DungeonLocations,handynotes_dungeonlocations
Handynotes_LegionRares&Treasures,HandyNotes_LegionRaresTreasures,handynotes_legionrarestreasures
HandyNotes: Long Forgotten Hippogryph,HandyNotes_LongForgottenHippogryph,handynotes_longforgottenhippo
HandyNotes: Shadowlands,HandyNotes_Shadowlands,handynotes-shadowlands
HandyNotes_TimelessIsleChests,HandyNotes_TimelessIsleChests,timelessislechests
HandyNotes: Treasure Hunter (Draenor Treasures),HandyNotes_TreasureHunter,handynotes_treasurehunter
Instance Achievement Tracker,InstanceAchievementTracker,instance-achievement-tracker
KuiNameplates,Kui_Media,kuinameplates
KuiNameplates,Kui_Nameplates,kuinameplates
KuiNameplates,Kui_Nameplates_Core,kuinameplates
KuiNameplates,Kui_Nameplates_Core_Config,kuinameplates
KuiNameplates Elite,Kui_Nameplates_Elite,kuinameplates-elite
LargerMacroIconSelection,LargerMacroIconSelection,larger-macro-icon-selection
LargerMacroIconSelection,LargerMacroIconSelectionData,larger-macro-icon-selection
Leatrix Plus,Leatrix_Plus,leatrix-plus
LiteMount,LiteMount,litemount
LittleWigs,LittleWigs,little-wigs
LittleWigs,LittleWigs_BattleForAzeroth,little-wigs
LittleWigs,LittleWigs_BurningCrusade,little-wigs
LittleWigs,LittleWigs_Cataclysm,little-wigs
LittleWigs,LittleWigs_Classic,little-wigs
LittleWigs,LittleWigs_Legion,little-wigs
LittleWigs,LittleWigs_MistsOfPandaria,little-wigs
LittleWigs,LittleWigs_WarlordsOfDraenor,little-wigs
LittleWigs,LittleWigs_WrathOfTheLichKing,little-wigs
Method Raid Tools,MRT,method-raid-tools
Mythic Dungeon Tools,MythicDungeonTools,mythic-dungeon-tools
OmniBar,OmniBar,omnibar
OmniCC,OmniCC,omni-cc
OmniCC,OmniCC_Config,omni-cc
OmniCD,OmniCD,omnicd
Opie,OPie,opie
Paste,Paste,paste
Raider.IO,RaiderIO,raiderio
Raider.IO,RaiderIO_DB_EU_A,raiderio
Raider.IO,RaiderIO_DB_EU_A_R,raiderio
Raider.IO,RaiderIO_DB_EU_F,raiderio
Raider.IO,RaiderIO_DB_EU_H,raiderio
Raider.IO,RaiderIO_DB_EU_H_R,raiderio
Raider.IO,RaiderIO_DB_KR_A,raiderio
Raider.IO,RaiderIO_DB_KR_A_R,raiderio
Raider.IO,RaiderIO_DB_KR_F,raiderio
Raider.IO,RaiderIO_DB_KR_H,raiderio
Raider.IO,RaiderIO_DB_KR_H_R,raiderio
Raider.IO,RaiderIO_DB_TW_A,raiderio
Raider.IO,RaiderIO_DB_TW_A_R,raiderio
Raider.IO,RaiderIO_DB_TW_F,raiderio
Raider.IO,RaiderIO_DB_TW_H,raiderio
Raider.IO,RaiderIO_DB_TW_H_R,raiderio
Raider.IO,RaiderIO_DB_US_A,raiderio
Raider.IO,RaiderIO_DB_US_A_R,raiderio
Raider.IO,RaiderIO_DB_US_F,raiderio
Raider.IO,RaiderIO_DB_US_H,raiderio
Raider.IO,RaiderIO_DB_US_H_R,raiderio
Rare Share: Core,RareShare,rare-share
Rare Share: Korthia (9.1),RareShareKorthia,rare-share-korthia-9-1
Rare Share: Mechagon,RareShareMechagon,mechagon-rare-share
Rare Share: Nazjatar,RareShareNazjatar,nazjatar-rare-share
Rare Share: Uldum (8.3),RareShare_Uldum,rare-share-uldum-8-3
Rare Share: Vale of Eternal Blossoms (8.3),RareShare_Vale of Eternal Blossoms,rare-share-vale-of-eternal-blossoms-8-3
Rare Share: Zereth Mortis (9.2),RareShare_Zereth_Mortis,rare-share-zereth-mortis-9-2
RSA - Raeli's Spell Announcer,RSA,rsa
RSA - Raeli's Spell Announcer,RSA_DeathKnight,rsa
RSA - Raeli's Spell Announcer,RSA_DemonHunter,rsa
RSA - Raeli's Spell Announcer,RSA_Druid,rsa
RSA - Raeli's Spell Announcer,RSA_Hunter,rsa
RSA - Raeli's Spell Announcer,RSA_Mage,rsa
RSA - Raeli's Spell Announcer,RSA_Monk,rsa
RSA - Raeli's Spell Announcer,RSA_Options,rsa
RSA - Raeli's Spell Announcer,RSA_Paladin,rsa
RSA - Raeli's Spell Announcer,RSA_Priest,rsa
RSA - Raeli's Spell Announcer,RSA_Reminders,rsa
RSA - Raeli's Spell Announcer,RSA_Rogue,rsa
RSA - Raeli's Spell Announcer,RSA_Shaman,rsa
RSA - Raeli's Spell Announcer,RSA_Warlock,rsa
RSA - Raeli's Spell Announcer,RSA_Warrior,rsa
sArena,sArena,sarena
SavedInstances,SavedInstances,saved_instances
Shadowed Unit Frames,ShadowedUF_Options,shadowed-unit-frames
Shadowed Unit Frames,ShadowedUnitFrames,shadowed-unit-frames
SharedMedia,SharedMedia,sharedmedia
Simulationcraft,Simulationcraft,simulationcraft
Surrender /Command,Surrender,surrender
TomCat's Tours,TomCats,tomcats
TomTom,TomTom,tomtom
Venture Plan,VenturePlan,venture-plan
Venture Plan More Followers,VenturePlanMoreFollowers,venture-plan-more-followers
WeakAuras,WeakAuras,weakauras-2
WeakAuras,WeakAurasArchive,weakauras-2
WeakAuras,WeakAurasModelPaths,weakauras-2
WeakAuras,WeakAurasOptions,weakauras-2
WeakAuras,WeakAurasTemplates,weakauras-2
World Quest Tab,WorldQuestTab,worldquesttab
Zereth Mortis Puzzle Helper,ZerethMortisPuzzleHelper,zereth-mortis-puzzle-helper
Season 4 Encounter Journal,ShadowlandsSeason4EncounterJournal,shadowlands-season-4-encounter-journal
